keyword,decision,owner_or_candidate_url,semrush_volume_estimate,semrush_kd_estimate,metric_market,source_mapping_status,reason
investment banking operations courses,existing,/courses/,210,26,unverified in Semrush export,offer_scope_hold,Plural comparison intent can be answered on the single programme page with clear scope
finance careers,existing,/career-guides/finance-careers-after-graduation/,3600,43,unverified in Semrush export,mapped_existing_route,Graduates' career exploration fits the existing guide
jobs after bcom,existing,/career-guides/finance-careers-after-graduation/,2900,26,unverified in Semrush export,mapped_existing_route,The guide addresses finance options after graduation; do not claim all BCom jobs
investment banking operations,existing,/career-guides/investment-banking-operations/,210,22,unverified in Semrush export,mapped_existing_route,Broad informational role intent
trade lifecycle,existing,/career-guides/trade-lifecycle/,210,24,unverified in Semrush export,mapped_existing_route,Matches the existing explainer
kyc analyst job description,existing,/career-guides/kyc-aml-analyst/,170,17,unverified in Semrush export,mapped_existing_route,Matches the existing role guide
investment banking interview questions,existing,/resources/investment-banking-interview-questions/,390,26,unverified in Semrush export,mapped_existing_route,Answer operations interview questions and qualify scope
accounting interview questions and answers,existing,/resources/accounting-interview-questions/,1600,23,unverified in Semrush export,proposed_needs_review,"Published technical accounting interview resource with a fictional transaction set, answer key, and rubric; India demand still needs Search Console validation"
basic accounting interview questions,existing,/resources/accounting-interview-questions/,1300,28,unverified in Semrush export,proposed_needs_review,Same published technical accounting question cluster; no second page for this variant
career options in commerce,existing,/blog/career-options-in-commerce-decision-map/,14800,24,unverified in Semrush export,proposed_needs_review,Published decision-map article owns this broad intent; hold further expansion until GSC and enquiries show qualified demand
