"Cluster ID","Cluster / owner","Cluster type","Route status","Existing target URL","Proposed path (not approved)","Keyword count","Examples","Scope and gates"
"exclude.non-finance-education","Non-finance profession and education topics","excluded_scope","not_a_page","","","1645","keyword research; digital marketing course; linear programming; google keyword planner; pm certification; business analyst; actuarial science; data scientist salary","Outside the current Financial Operations Masterclass and finance-career audience. Do not create a Centaur offering or topical page from these terms."
"existing.career-guides-finance-careers-after-graduation","Finance Careers After Graduation | Centaur Careers","existing_page","live_indexable_route","/career-guides/finance-careers-after-graduation/","","26","finance careers; jobs after bcom; core finance jobs; corporate finance jobs; highest paying finance jobs; jobs after b.com; finance career options; finance jobs in india","First-party career-guide information page"
"existing.career-guides-finance-operations","Finance Operations Careers in India | Centaur Careers","existing_page","live_indexable_route","/career-guides/finance-operations/","","30","credit risk; credit analyst; operational risk management; credit risk assessment process; credit risk meaning; credit underwriting; what is credit risk; credit risk analyst","First-party career-guide information page"
"existing.career-guides-investment-banking-operations","Investment Banking Operations Career Guide | Centaur Careers","existing_page","live_indexable_route","/career-guides/investment-banking-operations/","","1","investment banking operations","First-party career-guide information page"
"existing.career-guides-kyc-aml-analyst","KYC & AML Analyst Career Guide | Centaur Careers","existing_page","live_indexable_route","/career-guides/kyc-aml-analyst/","","6","aml in banking; anti money laundering stages; anti money laundering process; kyc analyst job description; aml kyc job description; aml specialist","First-party career-guide information page"
"existing.career-guides-retail-banking-operations","Retail Banking Operations Guide | Centaur Careers","existing_page","live_indexable_route","/career-guides/retail-banking-operations/","","21","retail banking; retail banking meaning; what is retail banking; relationship manager in bank; difference between corporate and retail banking; difference between retail banking and corporate banking; commercial banking vs retail banking; retail banking definition","First-party career-guide information page"
"existing.career-guides-trade-lifecycle","Trade Lifecycle in Investment Banking | Centaur Careers","existing_page","live_indexable_route","/career-guides/trade-lifecycle/","","16","trade life cycle; trade life cycle in investment banking; trade settlement; trading and settlement; types of corporate actions; what is trade life cycle; trade life cycle stages; trade life cycle steps","First-party career-guide information page"
"existing.courses","Investment Banking Operations Course | Centaur Careers","existing_page","live_indexable_route","/courses/","","4","investment banking course duration; investment banking course syllabus; investment banking operations course; banking operations course","Primary commercial finance course and Financial Operations Masterclass hub"
"existing.resources-accounting-basics","Accounting Basics: Golden Rules | Centaur Careers","existing_page","live_indexable_route","/resources/accounting-basics/","","173","golden rules of accounting; what is accounting; accounting standards; accounting principles; accounting rules; general accounting principles; 3 golden rules of accounting; accounting meaning","First-party finance and BFSI learning resource"
"existing.resources-investment-banking-interview-questions","Investment Banking Interview Questions | Centaur Careers","existing_page","live_indexable_route","/resources/investment-banking-interview-questions/","","12","finance interview questions; finance interview questions and answers; finance related interview questions; investment banking interview questions; accounting and finance interview questions; finance interview questions with answers; interview questions for mba finance freshers; finance interview questions for freshers","First-party finance interview preparation resource"
"existing.resources-reconciliation-in-finance","Reconciliation in Accounting and Finance | Centaur Careers","existing_page","live_indexable_route","/resources/reconciliation-in-finance/","","18","reconciliation meaning; reconciliation meaning in accounting; what is reconciliation; reconciliation is usually done between; reconciliation definition finance; reconciliation meaning in finance; financial reconciliation; reconcile meaning in accounting","First-party finance and BFSI learning resource"
"proposed.career.finance_pathways","Finance career pathways","proposed_informational_page","not_created_not_approved","","","105","accounting skills; the role of management accounting is; accounting interview questions and answers; basic accounting interview questions; basic accounting questions for interview for freshers with answers; investment banking resume template; jobs in finance sector; finance executive job description","Finance-role and pathway information; salary, eligibility, hiring, and outcomes require current evidence."
"proposed.career.readiness","Interview and workplace readiness","proposed_informational_page","not_created_not_approved","","","168","soft skills; barriers of communication; presentation skills; career options in commerce; employability skills; commerce career options; interview questions with answers for freshers; dbms interview questions","General educational guidance on interviews, communication, and workplace skills; no placement or employment promise."
"proposed.education.bba","BBA explainers","proposed_informational_page","not_created_not_approved","","","51","bba; what is bba; bba meaning; bachelor of business administration; bba degree; mba after bba; what can i do after bba; what to do after bba","BBA definitions and general subject information; do not imply Centaur awards a degree."
"proposed.education.bcom","BCom and commerce-degree explainers","proposed_informational_page","not_created_not_approved","","","277","b com full form; b com; bcom; b com 1st year subjects; b.com full form; b com honours; b com hons; bcom full form","Degree definitions, subjects, and study-context queries. Do not imply Centaur awards a degree."
"proposed.education.commerce_pathways","Commerce student and career pathways","proposed_informational_page","not_created_not_approved","","","128","commerce stream jobs; commerce without maths scope; commerce job opportunities; after bcom; career in commerce; commerce with maths scope; what to do after 12th commerce; best jobs for commerce students","Informational career options and next-step comparisons; any Centaur program reference must describe only the current Masterclass."
"proposed.education.other_commerce","Other commerce-degree explainers","proposed_informational_page","not_created_not_approved","","","245","baf; m com; baf full form; best universities in india for commerce; best commerce colleges in india; 11th commerce subjects; bbi; bbi full form","Introductory explainers for commerce degrees and subjects relevant to finance-career learners."
"proposed.foundation.accounting","Accounting and reporting concepts","proposed_informational_page","not_created_not_approved","","","746","balance sheet; trial balance; balance sheet format; cost accounting; financial accounting; golden rules of accounts; gaap full form; accounting definition","Accounting concepts beyond the scope of the live accounting-basics resource; verify accounting standards and avoid professional advice."
"proposed.foundation.analysis","Financial analysis and valuation concepts","proposed_informational_page","not_created_not_approved","","","255","valuation; valuation meaning; capital budgeting; financial modelling; time value of money; break even analysis; cost of capital; dcf full form","Educational definitions and worked examples only; no investment, valuation, tax, or professional advice."
"proposed.foundation.economics","Economics and business fundamentals (fit review)","proposed_informational_page","not_created_not_approved","","","226","demand; supply; pestel analysis; market structure; pestle analysis; monopoly market; types of demand; d is the demand","Proposed only if SERP review confirms a finance-career audience; otherwise exclude as broad academic content."
"proposed.foundation.finance","Finance and banking foundations","proposed_informational_page","not_created_not_approved","","","1080","esg full form; investment banking; esg; commercial bank; mba finance; financial management; financial market; financial services","Foundational definitions and institutional concepts for finance-career learners; avoid investment, legal, and tax advice."
"proposed.foundation.markets","Financial markets and instruments","proposed_informational_page","not_created_not_approved","","","388","what is ipo; ipo meaning; money market; initial public offering; wealth management; asset management; hedge fund meaning; money market and capital market difference","Neutral, introductory market and instrument definitions from authoritative sources; no investment recommendations."
"proposed.operations.fintech","Fintech and digital-lending operations explainers","proposed_informational_page","not_created_not_approved","","","27","fund accounting; fintech companies meaning; fintech companies means; mba fintech; what is fund accounting; fintech industry; fintech solutions; what is neo banking","Independent industry education only; any reference to Centaur must be checked against the current Financial Operations Masterclass curriculum."
"proposed.qualification.acca","ACCA explainers","proposed_informational_page","not_created_not_approved","","","332","acca full form; acca per examples; what is acca; acca books; acca exemption calculator; acca subjects; acca fees; bcom with acca","Factual ACCA credential and pathway information based on current ACCA sources; never exam-prep marketing."
"proposed.qualification.ca","CA / Chartered Accountancy explainers","proposed_informational_page","not_created_not_approved","","","309","ca foundation study material; icmai suggested answers; what is ca; icwa full form; ca foundation syllabus 2024; icmai study material; how to become ca; how to become a ca","Definitions, pathway comparisons, and factual questions about CA/ICAI; not coaching or exam preparation."
"proposed.qualification.cfa","CFA explainers","proposed_informational_page","not_created_not_approved","","","295","cfa level 1 fees; chartered financial analyst; what is cfa; cfa level 1 syllabus; cfa books level 1; cfa level 1 notes; access scholarship cfa; cfa level 1 books","Factual CFA credential and pathway information based on current CFA Institute sources; never exam-prep marketing."
"proposed.qualification.cfp","CFP explainers","proposed_informational_page","not_created_not_approved","","","5","define cfp; what is a cfp; how to become a cfp; cfp jobs in india; fee only cfp","Factual credential and awarding-body information; avoid personal-financial-advice framing and preparation claims."
"proposed.qualification.cma","CMA explainers","proposed_informational_page","not_created_not_approved","","","289","cma inter study material; what is cma; cma full form in commerce; cma inter suggested answers; cma final question paper; cma foundation study material; cma inter registration fees; cma intermediate registration fees","Disambiguate awarding bodies and explain the relevant credential from official sources; no preparation-course claim."
"proposed.qualification.cpa","CPA explainers","proposed_informational_page","not_created_not_approved","","","56","what is cpa; what is a cpa; cpa fees in india; us cpa eligibility for indian students; cpa cost per acquisition; cpa full form in banking; cpa full form in finance; full form of cpa in banking","Explain jurisdiction and awarding-body differences from primary sources; no preparation-course claim."
"proposed.qualification.cs","CS / Company Secretary explainers","proposed_informational_page","not_created_not_approved","","","85","company secretary; cs full form in commerce; what is cs; company secretary subjects; b com cs; b com cs full form; what is company secretary; full form of cs in commerce","Company Secretary definitions and pathway context; acronym-only queries remain in manual review."
"proposed.qualification.frm","FRM explainers","proposed_informational_page","not_created_not_approved","","","24","what is frm; frm full form in medical; financial risk manager frm; frm fees in india; frm level 1 fees; frm level 1 syllabus; frm part 1 syllabus; frm level 1 fees india","Factual GARP/FRM credential and pathway information; no exam-preparation claim."
"proposed.qualification.other","Other finance credentials (verify first)","proposed_informational_page","not_created_not_approved","","","46","enrolled agent; fmva; ncfm; aicpa full form; ncfm full form; what is rai; accounting definition by aicpa; irs enrolled agent","Only retain a credential after identifying its exact awarding body and primary sources; informational coverage only."
"review.ambiguous","Short-query and acronym review","manual_review_queue","not_a_page","","","26","finance; bias; cagpt; finace; ols; sas full form; process associate; ofs","No target page until live SERP context disambiguates the query."
"review.brand","Brand and competitor navigation review","manual_review_queue","not_a_page","","","88","imarticus; imarticus learning; zell education; imarticus learning c; imarticus learning l; zell education login; ims proschool; imarticus learning p","No target page. Inspect exact query and SERP; do not impersonate or imply affiliation."
"review.credential","Credential and certification review","manual_review_queue","not_a_page","","","374","cipm exam; rai exam; cfa exam; esg exam; cipm exam eligibility; cfa exam results; cma exam; cfa exam fees","Verify the exact awarding body and official scope. Do not imply Centaur awards or prepares learners for a third-party credential."
"review.destination","Employer, provider, and destination review","manual_review_queue","not_a_page","","","489","acca; cfa; cfa institute; myacca; cma cgm login; my acca; goldman sachs jobs; icmai question paper","No target page. Preserve official destinations and avoid implied affiliation."
"review.education_scope","Education-topic scope review","manual_review_queue","not_a_page","","","373","marketing management; business analytics; sales and marketing difference; sales and marketing; business math; business mathematics; service marketing; importance of marketing","No target page until the finance-career audience fit is confirmed."
"review.finance_scope","Finance-foundation scope review","manual_review_queue","not_a_page","","","97","tariff meaning; what is meant by tariff; what is the meaning of tariff; personal account rule; tariff meaning in english; tax planning; what is advance tax; tariff full form","No target page until relevance, factual scope, and source requirements are confirmed."
"review.localized","Localized-query review","manual_review_queue","not_a_page","","","44","reconciliation meaning in tamil; demand meaning in tamil; demand meaning in malayalam; demand meaning in kannada; demand meaning in marathi; demand meaning in telugu; valuation meaning in tamil; valuation meaning in malayalam","The current page is English-only. Do not map a language-specific query to it as if it answered in that language."
"review.offer_scope","Course-query and current-offer scope review","manual_review_queue","not_a_page","","","1324","acca course; cma course; acca login; cfa course; acca course fees; bba course details; frm course; best course after b com","The query appears to seek a course/certification/program not confirmed as the current Financial Operations Masterclass. Do not map it to a Centaur offer or make a curriculum claim until explicitly verified."
"review.qualification","Qualification ambiguity and claim review","manual_review_queue","not_a_page","","","672","ca; rai; cma full form; cfa full form; cs full form; cpa; cpa full form; ca foundation","No target page until acronym, intent, awarding body, and query meaning are verified."
"review.role_scope","Specialist finance-role scope review","manual_review_queue","not_a_page","","","101","relationship manager; investment banker qualifications; fund manager; how to become an investment banker; how to become an investment banker in india; relationship manager role; what does an investment banker do; hedge fund manager","This query names a specialist/front-office role not directly covered by the current operations-career page. Confirm audience fit and page ownership before targeting it."
"review.salary_data","Salary and pay evidence review","manual_review_queue","not_a_page","","","482","ca salary in india; ca salary; chartered accountant salary; acca salary in india; ca salary per month; chartered accountant salary per month; cma salary in india; company secretary salary in india","Do not publish pay figures, averages, or promises from this export. Verify role, location, seniority, date, and authoritative data before assigning a page."
"review.source_scope","Specific-topic and source review","manual_review_queue","not_a_page","","","120","ifrs full form; ifrs 9; ifrs 15; disaster risk management; ifrs 16; diploma in ifrs; financial risk management; ifrs full form in accounting","The query needs more specific factual/source coverage than the current live page provides; hold until the topic and authoritative support are verified."
"review.unclassified","Unclassified keyword review","manual_review_queue","not_a_page","","","2406","ims ahmedabad; alliance bernstein india; chro full form; du point analysis; pearson professional centers mumbai; sealtabs login; types of cyber attacks; big 4 companies in world","No target page until a human assigns a supported topic and audience fit."
